id;name;location;date
1;Chair Oklahoma navigating;grid-enabled secondary service-desk;2021-12-27
2;Rubber interface Netherlands;Integrated Investment Account models;2021-12-27
3;Specialist Clothing generating;withdrawal;2021-12-27
4;Australia;XML Berkshire hard drive;2021-12-27
5;Officer Analyst ubiquitous;bypass software granular;2021-12-27
6;e-business;auxiliary Bedfordshire;2021-12-27
7;technologies Sleek Wooden Pants;dynamic Music throughput;2021-12-27
8;South Carolina panel;Facilitator invoice;2021-12-27
9;Cambridgeshire mobile;hub;2021-12-27
10;Hat Buckinghamshire;portal intuitive Applications;2021-12-27
